2026-03-04 19:58:26,DOSTEPNE
2026-03-04 20:00:18,DOSTEPNE
2026-03-04 20:05:03,DOSTEPNE
2026-03-04 20:23:26,DOSTEPNE
2026-03-04 20:56:04,DOSTEPNE
2026-03-04 21:36:49,DOSTEPNE
2026-03-04 22:01:27,DOSTEPNE
2026-03-04 22:45:21,DOSTEPNE
2026-03-04 23:16:04,DOSTEPNE
2026-03-04 23:47:12,DOSTEPNE
2026-03-05 00:02:43,DOSTEPNE
2026-03-05 02:50:36,DOSTEPNE
2026-03-05 04:27:44,DOSTEPNE
2026-03-05 05:33:20,DOSTEPNE
2026-03-05 06:29:32,DOSTEPNE
2026-03-05 07:26:51,DOSTEPNE
2026-03-05 08:01:10,DOSTEPNE
2026-03-05 08:56:51,DOSTEPNE
2026-03-05 09:50:51,DOSTEPNE
2026-03-05 10:27:24,DOSTEPNE
2026-03-05 11:08:15,DOSTEPNE
2026-03-05 11:47:58,DOSTEPNE
2026-03-05 12:28:30,DOSTEPNE
2026-03-05 13:43:51,DOSTEPNE
2026-03-05 14:32:29,DOSTEPNE
2026-03-05 15:30:58,DOSTEPNE
2026-03-05 17:46:33,DOSTEPNE
2026-03-05 19:01:03,DOSTEPNE
2026-03-05 19:57:58,DOSTEPNE
2026-03-05 20:46:29,DOSTEPNE
2026-03-05 21:19:47,DOSTEPNE
2026-03-05 21:54:54,DOSTEPNE
2026-03-05 22:30:37,DOSTEPNE
2026-03-05 23:38:50,DOSTEPNE
2026-03-06 00:58:49,DOSTEPNE
2026-03-06 03:30:44,DOSTEPNE
2026-03-06 04:58:52,DOSTEPNE
2026-03-06 05:54:01,DOSTEPNE
2026-03-06 06:42:18,DOSTEPNE
2026-03-06 07:28:15,DOSTEPNE
2026-03-06 08:00:34,DOSTEPNE
2026-03-06 08:52:40,DOSTEPNE
2026-03-06 09:31:05,DOSTEPNE
2026-03-06 10:04:32,DOSTEPNE
2026-03-06 10:53:16,DOSTEPNE
2026-03-06 11:24:02,DOSTEPNE
2026-03-06 11:50:58,DOSTEPNE
2026-03-06 12:28:21,DOSTEPNE
2026-03-06 13:36:26,DOSTEPNE
2026-03-06 14:22:12,DOSTEPNE
2026-03-06 15:02:29,DOSTEPNE
2026-03-06 15:51:19,DOSTEPNE
2026-03-06 16:26:48,DOSTEPNE
2026-03-06 17:06:59,DOSTEPNE
2026-03-06 17:51:52,DOSTEPNE
2026-03-06 18:31:42,DOSTEPNE
2026-03-06 19:20:42,DOSTEPNE
2026-03-06 19:51:36,DOSTEPNE
2026-03-06 20:20:45,DOSTEPNE
2026-03-06 20:52:26,DOSTEPNE
2026-03-06 21:22:24,DOSTEPNE
2026-03-06 21:50:09,DOSTEPNE
2026-03-06 22:14:50,DOSTEPNE
2026-03-06 22:49:40,DOSTEPNE
2026-03-06 23:15:31,NIEDOSTEPNE
2026-03-06 23:44:44,NIEDOSTEPNE
2026-03-07 00:00:15,NIEDOSTEPNE
2026-03-07 02:40:16,NIEDOSTEPNE
2026-03-07 04:14:01,NIEDOSTEPNE
2026-03-07 05:09:56,NIEDOSTEPNE
2026-03-07 05:52:17,NIEDOSTEPNE
2026-03-07 06:28:58,NIEDOSTEPNE
2026-03-07 07:05:46,NIEDOSTEPNE
2026-03-07 07:39:55,NIEDOSTEPNE
2026-03-07 07:56:40,NIEDOSTEPNE
2026-03-07 08:36:32,DOSTEPNE
2026-03-07 09:00:02,DOSTEPNE
2026-03-07 09:38:38,DOSTEPNE
2026-03-07 09:56:16,DOSTEPNE
2026-03-07 10:27:18,DOSTEPNE
2026-03-07 10:50:09,DOSTEPNE
2026-03-07 11:01:06,DOSTEPNE
2026-03-07 11:30:29,DOSTEPNE
2026-03-07 11:47:19,DOSTEPNE
2026-03-07 11:58:04,DOSTEPNE
2026-03-07 13:03:22,DOSTEPNE
2026-03-07 13:47:04,DOSTEPNE
2026-03-07 14:02:00,DOSTEPNE
2026-03-07 14:35:52,DOSTEPNE
2026-03-07 14:55:05,DOSTEPNE
2026-03-07 15:22:53,DOSTEPNE
2026-03-07 15:43:54,DOSTEPNE
2026-03-07 15:58:39,DOSTEPNE
2026-03-07 16:38:35,DOSTEPNE
2026-03-07 16:57:20,DOSTEPNE
2026-03-07 17:27:11,DOSTEPNE
2026-03-07 17:47:52,DOSTEPNE
2026-03-07 17:59:18,DOSTEPNE
2026-03-07 18:47:38,DOSTEPNE
2026-03-07 19:10:46,DOSTEPNE
2026-03-07 19:34:06,DOSTEPNE
2026-03-07 19:49:24,DOSTEPNE
2026-03-07 20:00:00,DOSTEPNE
2026-03-07 20:36:01,DOSTEPNE
2026-03-07 20:54:52,DOSTEPNE
2026-03-07 21:20:11,NIEDOSTEPNE
2026-03-07 21:39:51,NIEDOSTEPNE
2026-03-07 21:53:03,NIEDOSTEPNE
2026-03-07 22:17:06,NIEDOSTEPNE
2026-03-07 22:44:05,NIEDOSTEPNE
2026-03-07 22:59:19,NIEDOSTEPNE
2026-03-07 23:32:14,NIEDOSTEPNE
2026-03-07 23:50:49,NIEDOSTEPNE
2026-03-08 01:01:39,NIEDOSTEPNE
2026-03-08 03:35:29,NIEDOSTEPNE
2026-03-08 05:00:49,NIEDOSTEPNE
2026-03-08 05:53:24,NIEDOSTEPNE
2026-03-08 06:36:25,NIEDOSTEPNE
2026-03-08 07:19:47,NIEDOSTEPNE
2026-03-08 07:46:52,NIEDOSTEPNE
2026-03-08 08:00:22,NIEDOSTEPNE
2026-03-08 08:44:40,NIEDOSTEPNE
2026-03-08 09:03:30,NIEDOSTEPNE
2026-03-08 09:40:47,NIEDOSTEPNE
2026-03-08 09:58:00,NIEDOSTEPNE
2026-03-08 10:33:40,NIEDOSTEPNE
2026-03-08 10:55:02,NIEDOSTEPNE
2026-03-08 11:20:45,NIEDOSTEPNE
2026-03-08 11:40:36,NIEDOSTEPNE
2026-03-08 11:54:27,NIEDOSTEPNE
2026-03-08 12:43:21,NIEDOSTEPNE
2026-03-08 13:30:17,NIEDOSTEPNE
2026-03-08 13:58:52,NIEDOSTEPNE
2026-03-08 14:34:01,DOSTEPNE
2026-03-08 14:54:56,DOSTEPNE
2026-03-08 15:23:16,DOSTEPNE
2026-03-08 15:44:43,DOSTEPNE
2026-03-08 15:59:42,DOSTEPNE
2026-03-08 16:40:29,DOSTEPNE
2026-03-08 17:00:03,DOSTEPNE
2026-03-08 17:33:01,DOSTEPNE
2026-03-08 17:53:44,DOSTEPNE
2026-03-08 18:28:02,DOSTEPNE
2026-03-08 18:59:10,DOSTEPNE
2026-03-08 19:31:52,DOSTEPNE
2026-03-08 19:48:28,DOSTEPNE
2026-03-08 19:59:09,DOSTEPNE
2026-03-08 20:37:10,DOSTEPNE
2026-03-08 20:56:40,DOSTEPNE
2026-03-08 21:28:25,DOSTEPNE
2026-03-08 21:48:50,DOSTEPNE
2026-03-08 21:59:58,DOSTEPNE
2026-03-08 22:34:58,DOSTEPNE
2026-03-08 22:55:18,DOSTEPNE
2026-03-08 23:24:53,DOSTEPNE
2026-03-08 23:46:44,DOSTEPNE
2026-03-09 00:00:02,DOSTEPNE
2026-03-09 02:54:03,DOSTEPNE
2026-03-09 04:49:12,DOSTEPNE
2026-03-09 05:47:20,DOSTEPNE
2026-03-09 06:43:49,DOSTEPNE
2026-03-09 07:40:33,DOSTEPNE
2026-03-09 08:26:45,DOSTEPNE
2026-03-09 09:09:20,DOSTEPNE
2026-03-09 10:06:45,DOSTEPNE
2026-03-09 11:01:33,DOSTEPNE
2026-03-09 11:43:01,NIEDOSTEPNE
2026-03-09 12:03:00,NIEDOSTEPNE
2026-03-09 13:38:12,NIEDOSTEPNE
2026-03-09 14:34:56,NIEDOSTEPNE
2026-03-09 15:38:06,NIEDOSTEPNE
2026-03-09 16:38:58,NIEDOSTEPNE
2026-03-09 17:32:21,NIEDOSTEPNE
2026-03-09 18:10:17,NIEDOSTEPNE
2026-03-09 19:10:27,NIEDOSTEPNE
2026-03-09 19:52:07,NIEDOSTEPNE
2026-03-09 20:24:24,NIEDOSTEPNE
2026-03-09 20:58:48,NIEDOSTEPNE
2026-03-09 21:41:19,NIEDOSTEPNE
2026-03-09 22:00:52,NIEDOSTEPNE
2026-03-09 22:40:25,NIEDOSTEPNE
2026-03-09 23:01:39,NIEDOSTEPNE
2026-03-09 23:38:12,NIEDOSTEPNE
2026-03-09 23:56:17,NIEDOSTEPNE
2026-03-10 02:12:45,NIEDOSTEPNE
2026-03-10 04:18:31,NIEDOSTEPNE
2026-03-10 05:28:45,NIEDOSTEPNE
2026-03-10 06:07:06,NIEDOSTEPNE
2026-03-10 07:07:21,NIEDOSTEPNE
2026-03-10 07:53:29,NIEDOSTEPNE
2026-03-10 08:35:16,NIEDOSTEPNE
2026-03-10 09:25:39,NIEDOSTEPNE
2026-03-10 10:06:32,NIEDOSTEPNE
2026-03-10 10:59:03,NIEDOSTEPNE
2026-03-10 11:40:20,NIEDOSTEPNE
2026-03-10 12:01:39,NIEDOSTEPNE
2026-03-10 13:23:32,NIEDOSTEPNE
2026-03-10 14:11:50,NIEDOSTEPNE
2026-03-10 15:11:33,NIEDOSTEPNE
2026-03-10 16:15:32,NIEDOSTEPNE
2026-03-10 17:10:53,NIEDOSTEPNE
2026-03-10 18:01:06,NIEDOSTEPNE
2026-03-10 19:03:30,NIEDOSTEPNE
2026-03-10 19:48:08,NIEDOSTEPNE
2026-03-10 20:18:17,NIEDOSTEPNE
2026-03-10 20:53:30,NIEDOSTEPNE
2026-03-10 21:25:32,NIEDOSTEPNE
2026-03-10 21:51:02,NIEDOSTEPNE
2026-03-10 22:15:56,NIEDOSTEPNE
2026-03-10 22:49:13,NIEDOSTEPNE
2026-03-10 23:14:57,NIEDOSTEPNE
2026-03-10 23:45:08,NIEDOSTEPNE
2026-03-10 23:59:19,NIEDOSTEPNE
2026-03-11 02:44:42,NIEDOSTEPNE
2026-03-11 04:24:57,NIEDOSTEPNE
2026-03-11 05:32:30,NIEDOSTEPNE
2026-03-11 06:10:05,NIEDOSTEPNE
2026-03-11 07:12:18,NIEDOSTEPNE
2026-03-11 07:55:46,NIEDOSTEPNE
2026-03-11 08:43:37,NIEDOSTEPNE
2026-03-11 09:28:51,DOSTEPNE
2026-03-11 10:09:15,DOSTEPNE
2026-03-11 11:00:37,DOSTEPNE
2026-03-11 11:42:39,DOSTEPNE
2026-03-11 12:03:14,DOSTEPNE
2026-03-11 13:24:54,DOSTEPNE
2026-03-11 14:26:49,DOSTEPNE
2026-03-11 15:13:08,DOSTEPNE
2026-03-11 16:04:43,DOSTEPNE
2026-03-11 17:07:25,NIEDOSTEPNE
2026-03-11 18:01:56,NIEDOSTEPNE
2026-03-11 19:06:42,NIEDOSTEPNE
2026-03-11 19:49:27,NIEDOSTEPNE
2026-03-11 20:19:54,NIEDOSTEPNE
2026-03-11 20:53:49,NIEDOSTEPNE
2026-03-11 21:29:07,NIEDOSTEPNE
2026-03-11 21:57:15,NIEDOSTEPNE
2026-03-11 22:32:22,NIEDOSTEPNE
2026-03-11 22:54:33,NIEDOSTEPNE
2026-03-11 23:23:51,NIEDOSTEPNE
2026-03-11 23:48:43,NIEDOSTEPNE
2026-03-12 00:47:00,NIEDOSTEPNE
2026-03-12 03:25:12,NIEDOSTEPNE
2026-03-12 05:03:25,NIEDOSTEPNE
2026-03-12 06:02:28,NIEDOSTEPNE
2026-03-12 07:10:14,NIEDOSTEPNE
2026-03-12 07:55:20,NIEDOSTEPNE
2026-03-12 08:42:56,NIEDOSTEPNE
2026-03-12 09:28:54,NIEDOSTEPNE
2026-03-12 10:09:42,NIEDOSTEPNE
2026-03-12 11:00:24,NIEDOSTEPNE
2026-03-12 11:38:32,NIEDOSTEPNE
2026-03-12 11:58:45,NIEDOSTEPNE
2026-03-12 13:21:27,NIEDOSTEPNE
2026-03-12 14:12:46,NIEDOSTEPNE
2026-03-12 15:11:09,DOSTEPNE
2026-03-12 16:16:04,DOSTEPNE
2026-03-12 17:13:48,DOSTEPNE
2026-03-12 18:04:41,DOSTEPNE
2026-03-12 19:08:44,DOSTEPNE
2026-03-12 19:52:11,DOSTEPNE
2026-03-12 20:25:32,NIEDOSTEPNE
2026-03-12 21:00:19,NIEDOSTEPNE
2026-03-12 21:43:30,NIEDOSTEPNE
2026-03-12 22:01:39,NIEDOSTEPNE
2026-03-12 22:38:43,NIEDOSTEPNE
2026-03-12 23:00:19,NIEDOSTEPNE
2026-03-12 23:38:00,NIEDOSTEPNE
2026-03-12 23:57:27,NIEDOSTEPNE
2026-03-13 02:36:24,NIEDOSTEPNE
2026-03-13 04:25:39,NIEDOSTEPNE
2026-03-13 05:33:13,NIEDOSTEPNE
2026-03-13 06:30:01,NIEDOSTEPNE
2026-03-13 07:29:28,NIEDOSTEPNE
2026-03-13 08:03:23,NIEDOSTEPNE
2026-03-13 08:55:48,NIEDOSTEPNE
2026-03-13 09:40:24,NIEDOSTEPNE
2026-03-13 10:19:38,NIEDOSTEPNE
2026-03-13 11:00:31,NIEDOSTEPNE
2026-03-13 11:39:13,NIEDOSTEPNE
2026-03-13 12:00:01,NIEDOSTEPNE
2026-03-13 13:20:17,NIEDOSTEPNE
2026-03-13 14:09:06,NIEDOSTEPNE
2026-03-13 15:01:14,DOSTEPNE
2026-03-13 15:54:24,DOSTEPNE
2026-03-13 16:37:41,DOSTEPNE
2026-03-13 17:21:14,DOSTEPNE
2026-03-13 17:56:16,DOSTEPNE
2026-03-13 18:47:30,DOSTEPNE
2026-03-13 19:22:43,DOSTEPNE
2026-03-13 19:53:19,DOSTEPNE
2026-03-13 20:28:18,DOSTEPNE
2026-03-13 21:02:10,DOSTEPNE
2026-03-13 21:46:08,DOSTEPNE
2026-03-13 22:14:59,DOSTEPNE
2026-03-13 22:47:20,DOSTEPNE
2026-03-13 23:15:13,DOSTEPNE
2026-03-13 23:45:34,DOSTEPNE
2026-03-14 00:03:03,DOSTEPNE
2026-03-14 02:48:46,DOSTEPNE
2026-03-14 04:25:35,DOSTEPNE
2026-03-14 05:31:43,DOSTEPNE
2026-03-14 06:08:35,DOSTEPNE
2026-03-14 07:06:00,DOSTEPNE
2026-03-14 07:48:24,DOSTEPNE
2026-03-14 08:18:31,DOSTEPNE
2026-03-14 08:55:08,DOSTEPNE
2026-03-14 09:32:49,DOSTEPNE
2026-03-14 09:58:28,DOSTEPNE
2026-03-14 10:38:18,DOSTEPNE
2026-03-14 11:00:29,DOSTEPNE
2026-03-14 11:33:34,DOSTEPNE
2026-03-14 11:53:31,DOSTEPNE
2026-03-14 12:39:51,DOSTEPNE
2026-03-14 13:33:59,DOSTEPNE
2026-03-14 14:03:47,DOSTEPNE
2026-03-14 14:44:04,DOSTEPNE
2026-03-14 15:03:04,DOSTEPNE
2026-03-14 15:38:26,DOSTEPNE
2026-03-14 15:57:15,DOSTEPNE
2026-03-14 16:38:16,DOSTEPNE
2026-03-14 17:02:28,DOSTEPNE
2026-03-14 17:38:13,DOSTEPNE
2026-03-14 17:58:29,DOSTEPNE
2026-03-14 18:52:36,DOSTEPNE
2026-03-14 19:21:31,DOSTEPNE
2026-03-14 19:45:31,DOSTEPNE
2026-03-14 20:00:13,DOSTEPNE
2026-03-14 20:39:48,DOSTEPNE
2026-03-14 20:59:53,DOSTEPNE
2026-03-14 21:35:13,DOSTEPNE
2026-03-14 21:55:08,DOSTEPNE
2026-03-14 22:25:39,DOSTEPNE
2026-03-14 22:53:21,DOSTEPNE
2026-03-14 23:22:44,DOSTEPNE
2026-03-14 23:48:41,DOSTEPNE
2026-03-15 01:03:56,DOSTEPNE
2026-03-15 04:04:34,DOSTEPNE
2026-03-15 05:42:12,DOSTEPNE
2026-03-15 06:39:12,DOSTEPNE
2026-03-15 07:33:02,DOSTEPNE
2026-03-15 08:02:24,DOSTEPNE
2026-03-15 08:51:38,DOSTEPNE
2026-03-15 09:24:20,DOSTEPNE
2026-03-15 09:56:16,DOSTEPNE
2026-03-15 10:33:57,DOSTEPNE
2026-03-15 11:00:35,DOSTEPNE
2026-03-15 11:35:09,DOSTEPNE
2026-03-15 11:53:45,DOSTEPNE
2026-03-15 12:43:05,DOSTEPNE
2026-03-15 13:36:19,DOSTEPNE
2026-03-15 14:06:05,DOSTEPNE
2026-03-15 14:47:51,DOSTEPNE
2026-03-15 15:16:18,NIEDOSTEPNE
2026-03-15 15:47:20,NIEDOSTEPNE
2026-03-15 16:15:22,NIEDOSTEPNE
2026-03-15 16:51:13,NIEDOSTEPNE
2026-03-15 17:18:00,NIEDOSTEPNE
2026-03-15 17:49:16,NIEDOSTEPNE
2026-03-15 18:20:10,NIEDOSTEPNE
2026-03-15 19:01:44,NIEDOSTEPNE
2026-03-15 19:37:27,NIEDOSTEPNE
2026-03-15 19:55:38,NIEDOSTEPNE
2026-03-15 20:30:54,NIEDOSTEPNE
2026-03-15 20:56:46,NIEDOSTEPNE
2026-03-15 21:32:20,NIEDOSTEPNE
2026-03-15 21:55:05,NIEDOSTEPNE
2026-03-15 22:27:29,NIEDOSTEPNE
2026-03-15 22:56:46,NIEDOSTEPNE
2026-03-15 23:33:27,NIEDOSTEPNE
2026-03-15 23:56:25,NIEDOSTEPNE
2026-03-16 02:42:36,NIEDOSTEPNE
2026-03-16 05:06:16,NIEDOSTEPNE
2026-03-16 06:47:57,NIEDOSTEPNE
2026-03-16 07:59:05,NIEDOSTEPNE
2026-03-16 09:09:22,DOSTEPNE
2026-03-16 10:15:06,DOSTEPNE
2026-03-16 11:13:41,DOSTEPNE
2026-03-16 11:59:27,DOSTEPNE
2026-03-16 13:47:26,DOSTEPNE
2026-03-16 14:50:49,DOSTEPNE
2026-03-16 15:52:52,DOSTEPNE
2026-03-16 16:55:42,DOSTEPNE
2026-03-16 18:01:09,DOSTEPNE
2026-03-16 19:17:46,DOSTEPNE
2026-03-16 19:57:57,DOSTEPNE
2026-03-16 20:49:10,DOSTEPNE
2026-03-16 21:25:55,DOSTEPNE
2026-03-16 22:02:12,DOSTEPNE
2026-03-16 22:47:58,DOSTEPNE
2026-03-16 23:17:09,DOSTEPNE
2026-03-16 23:47:04,DOSTEPNE
2026-03-17 00:55:27,DOSTEPNE
2026-03-17 03:33:38,DOSTEPNE
2026-03-17 05:11:00,DOSTEPNE
2026-03-17 06:14:03,DOSTEPNE
2026-03-17 07:31:38,DOSTEPNE
2026-03-17 08:09:10,DOSTEPNE
2026-03-17 09:08:11,DOSTEPNE
2026-03-17 10:07:58,DOSTEPNE
2026-03-17 11:07:40,DOSTEPNE
2026-03-17 11:54:39,DOSTEPNE
2026-03-17 13:08:39,DOSTEPNE
2026-03-17 14:22:04,DOSTEPNE
2026-03-17 15:35:32,DOSTEPNE
2026-03-17 16:43:59,DOSTEPNE
2026-03-17 17:44:56,DOSTEPNE
2026-03-17 18:39:48,DOSTEPNE
2026-03-17 19:42:20,DOSTEPNE
2026-03-17 20:22:08,DOSTEPNE
2026-03-17 21:02:14,DOSTEPNE
2026-03-17 21:50:49,DOSTEPNE
2026-03-17 22:21:30,DOSTEPNE
2026-03-17 22:56:57,DOSTEPNE
2026-03-17 23:37:03,DOSTEPNE
2026-03-18 00:01:04,DOSTEPNE
2026-03-18 03:15:55,DOSTEPNE
2026-03-18 05:10:10,DOSTEPNE
2026-03-18 06:13:38,DOSTEPNE
2026-03-18 07:19:34,DOSTEPNE
2026-03-18 08:03:32,DOSTEPNE
2026-03-18 09:03:52,DOSTEPNE
2026-03-18 10:08:40,DOSTEPNE
2026-03-18 11:09:38,DOSTEPNE
2026-03-18 11:58:45,NIEDOSTEPNE
2026-03-18 12:17:58,NIEDOSTEPNE
2026-03-18 12:31:40,NIEDOSTEPNE
2026-03-18 12:53:04,NIEDOSTEPNE
2026-03-18 13:45:54,NIEDOSTEPNE
2026-03-18 14:52:34,NIEDOSTEPNE
2026-03-18 16:02:55,NIEDOSTEPNE
2026-03-18 17:15:27,NIEDOSTEPNE
2026-03-18 18:12:08,NIEDOSTEPNE
2026-03-18 19:18:41,NIEDOSTEPNE
2026-03-18 19:56:24,NIEDOSTEPNE
2026-03-18 20:41:05,NIEDOSTEPNE
2026-03-18 21:20:46,NIEDOSTEPNE
2026-03-18 21:54:21,NIEDOSTEPNE
2026-03-18 22:30:12,NIEDOSTEPNE
2026-03-18 23:00:01,NIEDOSTEPNE
2026-03-18 23:38:11,NIEDOSTEPNE
2026-03-18 23:58:11,NIEDOSTEPNE
2026-03-19 02:54:23,NIEDOSTEPNE
2026-03-19 04:52:38,NIEDOSTEPNE
2026-03-19 05:53:52,NIEDOSTEPNE
2026-03-19 06:53:44,NIEDOSTEPNE
2026-03-19 07:44:14,NIEDOSTEPNE
2026-03-19 08:26:20,NIEDOSTEPNE
2026-03-19 09:10:26,NIEDOSTEPNE
2026-03-19 10:01:25,NIEDOSTEPNE
2026-03-19 10:56:21,NIEDOSTEPNE
2026-03-19 11:37:51,NIEDOSTEPNE
2026-03-19 12:02:42,NIEDOSTEPNE
2026-03-19 13:39:55,NIEDOSTEPNE
2026-03-19 14:34:32,NIEDOSTEPNE
2026-03-19 15:30:48,NIEDOSTEPNE
2026-03-19 16:34:08,NIEDOSTEPNE
2026-03-19 17:37:58,NIEDOSTEPNE
2026-03-19 18:32:24,NIEDOSTEPNE
2026-03-19 19:30:31,NIEDOSTEPNE
2026-03-19 20:03:11,NIEDOSTEPNE
2026-03-19 20:52:59,NIEDOSTEPNE
2026-03-19 21:29:37,NIEDOSTEPNE
2026-03-19 21:57:38,NIEDOSTEPNE
2026-03-19 22:36:11,NIEDOSTEPNE
2026-03-19 23:00:52,NIEDOSTEPNE
2026-03-19 23:39:07,NIEDOSTEPNE
2026-03-19 23:58:45,NIEDOSTEPNE
2026-03-20 02:48:55,NIEDOSTEPNE
2026-03-20 04:28:38,NIEDOSTEPNE
2026-03-20 05:36:48,NIEDOSTEPNE
2026-03-20 06:34:04,NIEDOSTEPNE
2026-03-20 07:32:17,NIEDOSTEPNE
2026-03-20 08:04:14,NIEDOSTEPNE
2026-03-20 08:57:10,DOSTEPNE
2026-03-20 09:50:26,DOSTEPNE
2026-03-20 10:25:13,DOSTEPNE
2026-03-20 11:04:09,DOSTEPNE
2026-03-20 11:42:42,DOSTEPNE
2026-03-20 12:01:56,DOSTEPNE
2026-03-20 13:21:21,DOSTEPNE
2026-03-20 14:10:09,DOSTEPNE
2026-03-20 15:02:36,DOSTEPNE
2026-03-20 15:54:39,DOSTEPNE
2026-03-20 16:41:15,DOSTEPNE
2026-03-20 17:24:51,DOSTEPNE
2026-03-20 18:00:05,DOSTEPNE
2026-03-20 19:03:00,DOSTEPNE
2026-03-20 19:45:40,DOSTEPNE
2026-03-20 20:16:02,DOSTEPNE
2026-03-20 20:52:18,DOSTEPNE
2026-03-20 21:23:06,DOSTEPNE
2026-03-20 21:52:12,DOSTEPNE
2026-03-20 22:19:37,DOSTEPNE
2026-03-20 22:51:26,DOSTEPNE
2026-03-20 23:19:09,DOSTEPNE
2026-03-20 23:47:34,DOSTEPNE
2026-03-21 00:52:02,DOSTEPNE
2026-03-21 03:14:33,DOSTEPNE
2026-03-21 04:48:51,DOSTEPNE
2026-03-21 05:32:56,DOSTEPNE
2026-03-21 06:05:20,DOSTEPNE
2026-03-21 07:00:53,DOSTEPNE
2026-03-21 07:40:01,DOSTEPNE
2026-03-21 07:58:25,DOSTEPNE
2026-03-21 08:45:15,DOSTEPNE
2026-03-21 09:16:25,DOSTEPNE
2026-03-21 09:48:53,DOSTEPNE
2026-03-21 10:12:44,DOSTEPNE
2026-03-21 10:46:53,DOSTEPNE
2026-03-21 11:02:45,DOSTEPNE
2026-03-21 11:33:37,DOSTEPNE
2026-03-21 11:52:00,DOSTEPNE
2026-03-21 12:28:36,DOSTEPNE
2026-03-21 13:26:21,NIEDOSTEPNE
2026-03-21 13:58:26,NIEDOSTEPNE
2026-03-21 14:35:57,NIEDOSTEPNE
2026-03-21 14:57:41,NIEDOSTEPNE
2026-03-21 15:33:11,NIEDOSTEPNE
2026-03-21 15:52:52,NIEDOSTEPNE
2026-03-21 16:21:13,DOSTEPNE
2026-03-21 16:51:28,DOSTEPNE
2026-03-21 17:17:10,DOSTEPNE
2026-03-21 17:45:23,DOSTEPNE
2026-03-21 18:00:19,DOSTEPNE
2026-03-21 18:50:40,DOSTEPNE
2026-03-21 19:15:13,DOSTEPNE
2026-03-21 19:40:43,DOSTEPNE
2026-03-21 19:56:01,DOSTEPNE
2026-03-21 20:29:38,DOSTEPNE
2026-03-21 20:53:32,DOSTEPNE
2026-03-21 21:20:28,DOSTEPNE
2026-03-21 21:43:16,DOSTEPNE
2026-03-21 21:58:43,DOSTEPNE
2026-03-21 22:35:01,DOSTEPNE
2026-03-21 22:56:29,DOSTEPNE
2026-03-21 23:29:07,DOSTEPNE
2026-03-21 23:51:10,DOSTEPNE
2026-03-22 01:08:05,DOSTEPNE
2026-03-22 03:45:55,NIEDOSTEPNE
2026-03-22 05:12:41,NIEDOSTEPNE
2026-03-22 06:07:38,NIEDOSTEPNE
2026-03-22 07:07:46,NIEDOSTEPNE
2026-03-22 07:49:32,NIEDOSTEPNE
2026-03-22 08:18:32,NIEDOSTEPNE
2026-03-22 08:54:25,NIEDOSTEPNE
2026-03-22 09:30:09,DOSTEPNE
2026-03-22 09:57:16,DOSTEPNE
2026-03-22 10:33:57,DOSTEPNE
2026-03-22 10:57:12,NIEDOSTEPNE
2026-03-22 11:29:09,NIEDOSTEPNE
2026-03-22 11:49:08,NIEDOSTEPNE
2026-03-22 12:00:37,NIEDOSTEPNE
2026-03-22 13:11:48,NIEDOSTEPNE
2026-03-22 13:53:20,NIEDOSTEPNE
2026-03-22 14:22:37,NIEDOSTEPNE
2026-03-22 14:51:51,NIEDOSTEPNE
2026-03-22 15:17:35,NIEDOSTEPNE
2026-03-22 15:44:56,NIEDOSTEPNE
2026-03-22 16:00:50,NIEDOSTEPNE
2026-03-22 16:43:00,NIEDOSTEPNE
2026-03-22 17:02:36,NIEDOSTEPNE
2026-03-22 17:36:46,NIEDOSTEPNE
2026-03-22 17:56:39,NIEDOSTEPNE
2026-03-22 18:42:10,NIEDOSTEPNE
2026-03-22 19:14:54,NIEDOSTEPNE
2026-03-22 19:41:42,NIEDOSTEPNE
2026-03-22 19:56:29,NIEDOSTEPNE
2026-03-22 20:32:29,NIEDOSTEPNE
2026-03-22 20:55:50,NIEDOSTEPNE
2026-03-22 21:28:06,NIEDOSTEPNE
2026-03-22 21:51:34,NIEDOSTEPNE
2026-03-22 22:14:55,NIEDOSTEPNE
2026-03-22 22:47:00,NIEDOSTEPNE
2026-03-22 23:14:14,NIEDOSTEPNE
2026-03-22 23:46:09,NIEDOSTEPNE
2026-03-23 01:00:06,NIEDOSTEPNE
2026-03-23 03:48:13,NIEDOSTEPNE
2026-03-23 05:24:45,NIEDOSTEPNE
2026-03-23 06:46:33,NIEDOSTEPNE
2026-03-23 07:50:42,NIEDOSTEPNE
2026-03-23 08:40:21,NIEDOSTEPNE
2026-03-23 09:45:53,NIEDOSTEPNE
2026-03-23 10:39:12,NIEDOSTEPNE
2026-03-23 11:30:33,NIEDOSTEPNE
2026-03-23 12:06:15,NIEDOSTEPNE
2026-03-23 13:46:14,NIEDOSTEPNE
2026-03-23 14:44:47,NIEDOSTEPNE
2026-03-23 15:45:02,NIEDOSTEPNE
2026-03-23 16:38:47,NIEDOSTEPNE
2026-03-23 17:35:01,NIEDOSTEPNE
2026-03-23 18:29:21,NIEDOSTEPNE
2026-03-23 19:30:24,NIEDOSTEPNE
2026-03-23 20:05:12,NIEDOSTEPNE
2026-03-23 20:52:07,NIEDOSTEPNE
2026-03-23 21:28:00,NIEDOSTEPNE
2026-03-23 22:01:47,NIEDOSTEPNE
2026-03-23 22:47:56,NIEDOSTEPNE
2026-03-23 23:18:20,NIEDOSTEPNE
2026-03-23 23:51:05,NIEDOSTEPNE
2026-03-24 01:02:18,NIEDOSTEPNE
2026-03-24 03:40:44,NIEDOSTEPNE
2026-03-24 05:14:28,NIEDOSTEPNE
2026-03-24 06:15:58,NIEDOSTEPNE
2026-03-24 07:32:35,NIEDOSTEPNE
2026-03-24 08:09:30,NIEDOSTEPNE
2026-03-24 09:08:46,NIEDOSTEPNE
2026-03-24 10:09:06,NIEDOSTEPNE
2026-03-24 11:09:04,NIEDOSTEPNE
2026-03-24 11:56:15,NIEDOSTEPNE
2026-03-24 13:18:14,NIEDOSTEPNE
2026-03-24 14:38:29,NIEDOSTEPNE
2026-03-24 15:45:59,NIEDOSTEPNE
2026-03-24 16:44:15,NIEDOSTEPNE
2026-03-24 17:42:08,NIEDOSTEPNE
2026-03-24 18:40:42,NIEDOSTEPNE
2026-03-24 19:41:29,NIEDOSTEPNE
2026-03-24 20:24:34,NIEDOSTEPNE
2026-03-24 21:03:08,NIEDOSTEPNE
2026-03-24 21:49:59,NIEDOSTEPNE
2026-03-24 22:17:42,NIEDOSTEPNE
2026-03-24 22:53:45,NIEDOSTEPNE
2026-03-24 23:28:12,NIEDOSTEPNE
2026-03-24 23:57:11,NIEDOSTEPNE
2026-03-25 02:41:02,NIEDOSTEPNE
2026-03-25 04:34:33,NIEDOSTEPNE
2026-03-25 05:46:37,NIEDOSTEPNE
2026-03-25 06:45:13,NIEDOSTEPNE
2026-03-25 07:42:49,NIEDOSTEPNE
2026-03-25 08:32:22,NIEDOSTEPNE
2026-03-25 09:33:03,NIEDOSTEPNE
2026-03-25 10:29:17,NIEDOSTEPNE
2026-03-25 11:25:01,NIEDOSTEPNE
2026-03-25 12:02:51,NIEDOSTEPNE
2026-03-25 13:46:01,NIEDOSTEPNE
2026-03-25 14:48:02,NIEDOSTEPNE
2026-03-25 15:54:46,NIEDOSTEPNE
2026-03-25 17:00:56,NIEDOSTEPNE
2026-03-25 18:05:16,NIEDOSTEPNE
2026-03-25 19:10:16,NIEDOSTEPNE
2026-03-25 19:54:43,NIEDOSTEPNE
2026-03-25 20:36:59,NIEDOSTEPNE
2026-03-25 21:07:15,NIEDOSTEPNE
2026-03-25 21:52:54,NIEDOSTEPNE
2026-03-25 22:29:03,NIEDOSTEPNE
2026-03-25 23:05:26,NIEDOSTEPNE
2026-03-25 23:49:11,NIEDOSTEPNE
2026-03-26 01:03:33,NIEDOSTEPNE
2026-03-26 03:54:26,NIEDOSTEPNE
2026-03-26 05:40:18,NIEDOSTEPNE
2026-03-26 06:48:54,NIEDOSTEPNE
2026-03-26 07:50:54,NIEDOSTEPNE
2026-03-26 08:40:18,NIEDOSTEPNE
2026-03-26 09:45:21,NIEDOSTEPNE
2026-03-26 10:38:15,NIEDOSTEPNE
2026-03-26 11:35:26,NIEDOSTEPNE
2026-03-26 12:38:01,NIEDOSTEPNE
2026-03-26 14:10:43,NIEDOSTEPNE
2026-03-26 15:41:39,NIEDOSTEPNE
2026-03-26 16:46:07,NIEDOSTEPNE
